<?xml version="1.0" encoding="UTF-8"?>
<project-private xmlns="http://www.netbeans.org/ns/project-private/1">
    <editor-bookmarks xmlns="http://www.netbeans.org/ns/editor-bookmarks/2" lastBookmarkId="0"/>
    <open-files xmlns="http://www.netbeans.org/ns/projectui-open-files/2">
        <group>
            <file>file:/E:/PIC_codes_18f4680/02_sw/sw_01/sw_01.X/main.c</file>
            <file>file:/E:/PIC_codes_18f4680/02_sw/sw_01/sw_01.X/osc_lib.c</file>
            <file>file:/E:/PIC_codes_18f4680/02_sw/sw_01/sw_01.X/io_lib.h</file>
            <file>file:/E:/PIC_codes_18f4680/02_sw/sw_01/sw_01.X/io_lib.c</file>
            <file>file:/E:/PIC_codes_18f4680/02_sw/sw_01/sw_01.X/appl_lib.c</file>
        </group>
    </open-files>
</project-private>
